City_ID,City,Country,Lat,Lng,Max Temp,Humidity,Cloudiness,Wind Speed,Current Description
0,Kieta,PG,-6.2167,155.6333,84.04,72,75,2.98,light rain
1,Jamestown,US,42.097,-79.2353,35.19,90,1,0.0,clear sky
2,Avarua,CK,-21.2078,-159.775,82.45,78,23,14.97,few clouds
3,Hirara,JP,24.8,125.2833,75.47,78,75,12.66,broken clouds
4,Cabo San Lucas,MX,22.8909,-109.9124,88.61,39,90,1.99,overcast clouds
5,Saint Anthony,US,45.0205,-93.218,47.89,79,1,1.99,clear sky
6,Leningradskiy,RU,69.3833,178.4167,-2.52,95,56,9.6,broken clouds
7,Bluff,NZ,-46.6,168.3333,54.48,65,77,21.61,broken clouds
8,Kruisfontein,ZA,-34.0033,24.7314,62.89,89,100,10.04,overcast clouds
9,Malkara,TR,40.89,26.9011,45.5,70,100,12.06,overcast clouds
10,Hermanus,ZA,-34.4187,19.2345,60.91,83,85,5.59,overcast clouds
11,Ushuaia,AR,-54.8,-68.3,47.86,66,75,25.32,light rain
12,Morant Bay,JM,17.8815,-76.4093,80.22,80,99,10.02,overcast clouds
13,Hobart,AU,-42.8794,147.3294,62.11,60,75,4.0,light rain
14,Fuling,CN,29.7022,107.3919,52.18,95,100,2.93,overcast clouds
15,Chokurdakh,RU,70.6333,147.9167,-15.59,100,52,5.68,broken clouds
16,Albany,US,42.6001,-73.9662,39.27,80,63,6.71,broken clouds
17,Severnoye,RU,56.3491,78.3619,4.06,86,39,10.04,scattered clouds
18,Tuy Hoa,VN,13.0833,109.3,76.44,92,100,6.44,overcast clouds
19,Tuktoyaktuk,CA,69.4541,-133.0374,-7.6,77,75,5.75,mist
20,Dikson,RU,73.5069,80.5464,-9.62,94,66,4.76,broken clouds
21,Okhotsk,RU,59.3833,143.3,10.2,78,100,24.43,overcast clouds
22,Marica,BR,-22.9194,-42.8186,75.11,85,27,14.92,scattered clouds
23,Iqaluit,CA,63.7506,-68.5145,-0.67,71,20,16.11,few clouds
24,Beringovskiy,RU,63.05,179.3167,28.63,86,100,18.28,overcast clouds
25,Busselton,AU,-33.65,115.3333,66.09,66,97,11.16,overcast clouds
26,Vaini,TO,-21.2,-175.2,82.56,78,75,11.5,broken clouds
27,Trumbull,US,41.3167,-80.7665,40.71,78,40,5.75,scattered clouds
28,Qaanaaq,GL,77.484,-69.3632,1.11,74,94,9.46,overcast clouds
29,Port Hedland,AU,-20.3167,118.5667,87.85,58,6,10.36,clear sky
30,Longyearbyen,SJ,78.2186,15.6401,22.84,68,20,27.63,few clouds
31,Vila Velha,BR,-20.3297,-40.2925,69.75,98,75,4.61,broken clouds
32,Bredasdorp,ZA,-34.5322,20.0403,59.29,91,94,1.72,overcast clouds
33,Tacuati,PY,-23.45,-56.5833,72.75,94,100,2.13,heavy intensity rain
34,Iberia,US,29.9502,-91.7507,69.87,77,40,5.75,scattered clouds
35,Cape Town,ZA,-33.9258,18.4232,63.01,70,0,6.91,clear sky
36,Carnarvon,AU,-24.8667,113.6333,69.87,73,90,18.41,overcast clouds
37,Nikolskoye,RU,59.7035,30.7861,39.87,94,100,5.37,overcast clouds
38,Huarmey,PE,-10.0681,-78.1522,65.01,82,95,7.9,overcast clouds
39,Zvishavane,ZW,-20.3267,30.0665,76.23,29,4,3.02,clear sky
40,Mataura,NZ,-46.1927,168.8643,51.71,94,94,10.0,overcast clouds
41,Clyde River,CA,70.4692,-68.5914,17.83,73,90,5.75,overcast clouds
42,Tuatapere,NZ,-46.1333,167.6833,50.67,86,97,9.89,overcast clouds
43,Rikitea,PF,-23.1203,-134.9692,74.62,75,4,17.27,clear sky
44,Butaritari,KI,3.0707,172.7902,82.31,69,97,13.98,overcast clouds
45,Lorengau,PG,-2.0226,147.2712,84.54,68,81,6.13,broken clouds
46,Buala,SB,-8.145,159.5921,86.81,59,70,5.59,broken clouds
47,Ribeira Grande,PT,38.5167,-28.7,66.47,65,6,11.3,clear sky
48,Faanui,PF,-16.4833,-151.75,80.87,78,100,14.18,overcast clouds
49,Diego De Almagro,CL,-26.3667,-70.05,63.82,39,0,4.94,clear sky
50,Esperance,AU,-33.8667,121.9,64.24,75,71,13.29,broken clouds
51,Ahipara,NZ,-35.1667,173.1667,67.37,70,100,10.47,moderate rain
52,Arraial Do Cabo,BR,-22.9661,-42.0278,71.56,78,0,14.97,clear sky
53,New Norfolk,AU,-42.7826,147.0587,60.75,63,62,3.0,broken clouds
54,Turukhansk,RU,65.8167,87.9833,1.15,92,100,13.06,overcast clouds
55,Muli,MV,2.9167,73.5667,82.33,78,42,19.48,scattered clouds
56,Kahului,US,20.8947,-156.47,86.02,70,20,10.36,few clouds
57,Oussouye,SN,12.485,-16.5469,78.84,77,86,5.82,overcast clouds
58,Saint-Pierre,RE,-21.3393,55.4781,74.88,68,0,4.61,clear sky
59,Harper,LR,4.375,-7.7169,78.37,85,81,5.48,broken clouds
60,Lagoa,PT,39.05,-27.9833,65.37,68,3,12.75,clear sky
61,Victoria,HK,22.2855,114.1577,75.38,76,45,3.0,scattered clouds
62,Mahajanga,MG,-15.7167,46.3167,77.02,94,20,2.3,few clouds
63,Deputatskiy,RU,69.3,139.9,-17.54,98,64,4.74,broken clouds
64,Marapanim,BR,-0.7175,-47.6997,76.33,89,15,4.5,few clouds
65,Chapayevka,UA,47.4711,36.3451,27.34,77,0,7.78,clear sky
66,Saint-Philippe,RE,-21.3585,55.7679,74.79,80,45,9.01,scattered clouds
67,Kapaa,US,22.0752,-159.319,82.72,71,40,1.99,scattered clouds
68,Zhigansk,RU,66.7697,123.3711,-28.12,99,72,4.83,broken clouds
69,Tual,ID,-5.6667,132.75,83.03,73,99,8.08,overcast clouds
70,Palasa,IN,18.7667,84.4167,74.05,91,52,8.25,broken clouds
71,Krabi,TH,8.0726,98.9105,81.99,100,40,5.75,light rain
72,Ponta Do Sol,PT,32.6667,-17.1,68.63,64,21,7.31,few clouds
73,Iseyin,NG,7.9667,3.6,75.92,86,77,5.55,broken clouds
74,Yar-Sale,RU,66.8333,70.8333,5.92,95,99,10.74,overcast clouds
75,Gamba,GA,-2.65,10.0,75.34,90,100,2.73,overcast clouds
76,Katangli,RU,51.7102,143.2326,22.42,53,13,18.41,few clouds
77,Yeniseysk,RU,58.4497,92.1703,3.85,95,81,3.65,broken clouds
78,Port Elizabeth,ZA,-33.918,25.5701,65.1,82,90,11.5,overcast clouds
79,Sayyan,YE,15.1718,44.3244,51.6,39,8,2.26,clear sky
80,Gimli,CA,50.6336,-96.9907,35.62,87,100,16.11,overcast clouds
81,Khatanga,RU,71.9667,102.5,-34.26,100,31,3.49,scattered clouds
82,Gouloure,BF,12.2306,-1.9289,78.26,20,68,9.24,broken clouds
83,Mahebourg,MU,-20.4081,57.7,74.25,83,20,5.75,few clouds
84,Calbuco,CL,-41.768,-73.1273,54.61,65,70,14.52,broken clouds
85,Punta Arenas,CL,-53.15,-70.9167,50.11,66,75,17.27,broken clouds
86,Namibe,AO,-15.1961,12.1522,69.85,83,82,4.47,broken clouds
87,Narsaq,GL,60.9167,-46.05,10.62,65,92,6.08,overcast clouds
88,Puerto Ayora,EC,-0.7393,-90.3518,68.05,81,42,9.13,scattered clouds
89,Hilo,US,19.7297,-155.09,79.79,93,90,0.0,mist
90,Chuy,UY,-33.6971,-53.4616,59.07,90,100,15.52,overcast clouds
91,Torbay,CA,47.6666,-52.7314,43.57,83,75,24.16,light rain
92,Lata,PT,40.1629,-8.3327,54.05,76,42,4.34,scattered clouds
93,Port Hardy,CA,50.6996,-127.4199,44.6,75,11,2.42,few clouds
94,Salalah,OM,17.0151,54.0924,71.69,40,0,3.44,clear sky
95,Tiksi,RU,71.6872,128.8694,-14.28,99,98,4.25,overcast clouds
96,Port Alfred,ZA,-33.5906,26.891,64.53,83,100,19.15,overcast clouds
97,Baykit,RU,61.67,96.37,-11.24,99,87,1.68,overcast clouds
98,Dingle,PH,10.9995,122.6711,80.78,84,91,10.4,overcast clouds
99,Waipawa,NZ,-41.4122,175.5153,61.43,48,0,19.8,clear sky
100,Watertown,US,42.3709,-71.1828,42.85,64,1,3.0,clear sky
101,Fort Morgan,US,40.2503,-103.8,61.81,18,1,18.41,clear sky
102,Lebu,CL,-37.6167,-73.65,53.53,78,1,24.25,clear sky
103,San Felipe,VE,10.3399,-68.7425,71.19,96,98,3.8,overcast clouds
104,Muscat,OM,23.6139,58.5922,71.62,51,0,6.8,clear sky
105,Lichinga,MZ,-13.3128,35.2406,64.49,55,20,6.91,few clouds
106,Half Moon Bay,US,37.4636,-122.4286,67.01,78,1,10.36,clear sky
107,Novyy Urengoy,RU,66.0833,76.6333,8.6,96,100,9.66,light snow
108,Port Moresby,PG,-9.4431,147.1797,87.22,70,40,9.22,scattered clouds
109,Bethel,US,41.3712,-73.414,43.65,68,1,5.75,clear sky
110,Velikooktyabrskiy,RU,57.4333,33.8159,31.3,85,95,6.17,overcast clouds
111,Kudahuvadhoo,MV,2.6708,72.8944,82.15,78,53,18.61,broken clouds
112,Luena,AO,-11.7833,19.9167,61.21,96,74,4.74,broken clouds
113,Port Blair,IN,11.6667,92.75,78.84,94,75,8.05,drizzle
114,Barrow,US,71.2906,-156.7887,1.42,71,90,11.5,overcast clouds
115,Ndele,CF,8.4109,20.6473,75.51,35,42,3.4,scattered clouds
116,Acarau,BR,-2.8856,-40.12,80.87,77,9,16.53,clear sky
117,San Policarpo,PH,12.1791,125.5072,82.11,82,92,10.78,overcast clouds
118,Pangai,TO,-19.8,-174.35,82.51,54,40,19.57,scattered clouds
119,Atuona,PF,-9.8,-139.0333,77.92,78,14,13.06,few clouds
120,Hlobyne,UA,49.3878,33.2596,26.76,66,2,4.41,clear sky
121,Evensk,RU,61.95,159.2333,26.94,81,100,40.73,light snow
122,Lewiston,US,44.1003,-70.2148,38.32,73,1,9.22,clear sky
123,Sorsk,RU,54.0033,90.2467,13.89,90,100,2.82,overcast clouds
124,High Wycombe,GB,51.6291,-0.7493,49.68,94,89,7.49,overcast clouds
125,Bilibino,RU,68.0546,166.4372,-0.65,99,27,4.03,scattered clouds
126,Loanda,AO,-8.8368,13.2343,76.98,86,99,7.14,moderate rain
127,Cherskiy,RU,68.75,161.3,3.67,89,40,4.0,scattered clouds
128,Thompson,CA,55.7435,-97.8558,23.16,93,90,12.66,snow
129,Mount Gambier,AU,-37.8333,140.7667,61.3,48,99,5.32,overcast clouds
130,Khakhea,BW,-24.6895,23.494,79.3,15,77,7.72,broken clouds
131,Eureka,US,40.8021,-124.1637,55.67,77,79,10.0,broken clouds
132,Lake City,US,30.1897,-82.6393,59.04,82,1,0.0,clear sky
133,Ginir,ET,7.1333,40.7,56.34,77,33,3.33,scattered clouds
134,Dalby,AU,-27.1833,151.2667,81.99,42,0,4.0,clear sky
135,Barcelos,PT,41.5388,-8.6151,54.91,75,67,5.44,broken clouds
136,Katsuura,JP,35.1333,140.3,60.19,78,100,13.65,overcast clouds
137,Guerrero Negro,MX,27.9769,-114.0611,69.69,66,0,15.19,clear sky
138,Pochutla,MX,15.7432,-96.4661,82.22,76,10,4.12,clear sky
139,Manokwari,ID,-0.8667,134.0833,82.06,71,100,2.39,light rain
140,Hithadhoo,MV,-0.6,73.0833,81.68,78,20,16.87,few clouds
141,Caluquembe,AO,-13.7833,14.6833,63.55,87,100,2.48,light rain
142,Thinadhoo,MV,0.5333,72.9333,82.33,73,6,18.84,clear sky
143,Khanpur,PK,28.6453,70.6567,64.85,19,1,5.95,clear sky
144,Varberg,SE,57.1056,12.2508,42.87,75,100,12.1,overcast clouds
145,Sakakah,SA,29.9697,40.2064,54.97,36,80,2.04,broken clouds
146,Masterton,NZ,-40.9597,175.6575,62.94,44,8,17.6,clear sky
147,Canandaigua,US,42.8742,-77.288,40.33,82,64,1.99,broken clouds
148,Lompoc,US,34.6391,-120.4579,73.13,85,1,11.5,fog
149,Pokrovka,KG,42.3414,78.0056,34.41,48,100,6.62,overcast clouds
150,Babstovo,RU,48.1167,132.4833,23.05,86,59,3.8,broken clouds
151,Castro,BR,-24.7911,-50.0119,67.06,69,89,3.89,overcast clouds
152,Alta Floresta,BR,-9.8756,-56.0861,72.32,96,84,3.6,broken clouds
153,Golkoy,TR,40.6875,37.6178,42.21,84,17,2.98,few clouds
154,Ihosy,MG,-22.4,46.1167,71.28,65,13,1.14,few clouds
155,Bambous Virieux,MU,-20.3428,57.7575,74.21,83,20,5.75,few clouds
156,Lawrenceburg,US,38.0373,-84.8966,59.9,84,1,1.99,clear sky
157,Lavrentiya,RU,65.5833,-171.0,8.37,87,9,9.46,clear sky
158,Saint George,US,37.1041,-113.5841,72.07,24,1,4.61,clear sky
159,Adrar,MR,20.5022,-10.0711,77.23,27,100,8.3,overcast clouds
160,Mpika,ZM,-11.8343,31.4529,66.13,51,59,1.83,broken clouds
161,Grand Gaube,MU,-20.0064,57.6608,74.37,73,30,1.01,scattered clouds
162,Russell,US,32.3502,-85.1999,62.2,89,1,3.44,clear sky
163,Abalak,RU,58.1286,68.5944,17.49,92,100,11.63,light snow
164,Igarka,RU,67.4667,86.5833,-1.7,94,100,13.2,overcast clouds
165,Haines Junction,CA,60.7522,-137.5108,6.75,78,100,1.14,light snow
166,Kisangani,CD,0.5167,25.2,69.87,100,100,1.16,moderate rain
167,Middelburg,ZA,-25.7751,29.4648,69.6,54,69,10.16,broken clouds
168,Siyabuswa,ZA,-25.1132,29.0445,75.83,50,82,7.0,broken clouds
169,Aklavik,CA,68.2191,-135.0107,-3.17,84,75,4.61,broken clouds
170,Manoharpur,IN,27.3,75.95,52.75,32,14,3.51,few clouds
171,Ayan,RU,56.45,138.1667,16.18,58,70,17.67,broken clouds
172,Maralal,KE,1.0968,36.698,57.92,82,25,4.94,scattered clouds
173,Khani,GE,41.9563,42.9566,38.77,86,21,5.68,few clouds
174,Dunda,TZ,-8.1167,34.25,70.56,49,86,2.01,overcast clouds
175,Dzhebariki-Khaya,RU,62.2167,135.8,-24.21,100,71,1.28,broken clouds
176,Rio Gallegos,AR,-51.6226,-69.2181,57.25,38,75,20.71,broken clouds
177,Georgetown,MY,5.4112,100.3354,80.53,89,20,0.0,few clouds
178,Camacha,PT,33.0833,-16.3333,65.16,59,40,12.66,scattered clouds
179,Coquimbo,CL,-29.9533,-71.3436,56.93,82,0,10.36,clear sky
180,Qaqortoq,GL,60.7167,-46.0333,10.9,61,88,6.53,overcast clouds
181,Pangody,RU,65.85,74.4859,-8.97,100,95,4.47,overcast clouds
182,Bathsheba,BB,13.2167,-59.5167,79.41,78,20,13.8,few clouds
183,Kaitong,CN,44.8135,123.15,29.68,89,22,14.14,few clouds
184,Ust-Barguzin,RU,53.45,108.9833,27.93,67,100,7.34,overcast clouds
185,Hasaki,JP,35.7333,140.8333,57.6,62,100,16.04,overcast clouds
186,Phangnga,TH,8.4509,98.5298,81.91,95,100,3.33,overcast clouds
187,Sovetskiy,RU,61.3614,63.5842,15.39,90,100,11.65,overcast clouds
188,Wanaka,NZ,-44.7,169.15,56.34,55,98,8.14,overcast clouds
189,Rozivka,UA,46.9385,35.7724,30.18,74,0,10.63,clear sky
190,Nanortalik,GL,60.1432,-45.2371,26.28,59,99,14.45,overcast clouds
191,Corralillo,CU,22.9819,-80.5856,77.14,76,89,17.92,overcast clouds
192,Waddan,LY,29.1614,16.139,64.38,60,0,11.9,clear sky
193,Takab,IR,36.4009,47.1133,31.35,83,45,2.42,scattered clouds
194,Luderitz,NA,-26.6481,15.1594,62.6,75,6,18.84,clear sky
195,Zambezi,ZM,-13.5432,23.1047,66.16,81,78,4.97,broken clouds
196,Mar Del Plata,AR,-38.0023,-57.5575,52.88,68,20,5.01,few clouds
197,Lusambo,CD,-4.9667,23.45,69.15,100,100,1.88,moderate rain
198,Coihaique,CL,-45.5752,-72.0662,53.55,32,75,11.5,broken clouds
199,Huangmei,CN,30.1924,116.025,57.74,54,75,3.2,broken clouds
200,Saint Marys,US,30.7305,-81.5465,64.06,82,1,0.0,clear sky
201,Vao,NC,-22.6667,167.4833,76.96,75,98,11.7,overcast clouds
202,Vanimo,PG,-2.6741,141.3028,81.09,85,97,1.86,overcast clouds
203,Ilulissat,GL,69.2167,-51.1,-7.13,73,15,7.58,few clouds
204,Athabasca,CA,54.7169,-113.2854,21.02,85,100,15.5,overcast clouds
205,Manzhouli,CN,49.6,117.4333,23.13,78,98,2.35,overcast clouds
206,Khuzhir,RU,53.1939,107.3397,27.39,63,100,14.18,overcast clouds
207,Mezen,RU,65.8522,44.24,9.99,91,18,1.36,few clouds
208,Saskylakh,RU,71.9167,114.0833,-30.53,100,43,3.98,scattered clouds
209,Araouane,ML,18.9048,-3.5265,72.05,14,57,7.11,broken clouds
210,Hobyo,SO,5.3505,48.5268,78.89,68,100,7.9,overcast clouds
211,Kavieng,PG,-2.5744,150.7967,84.4,71,97,7.74,light rain
212,Tigre,AR,-34.426,-58.5796,62.6,55,0,11.5,clear sky
213,Januaria,BR,-15.4833,-44.3667,69.93,78,60,6.31,light rain
214,Lazarev,RU,52.225,141.5131,22.59,56,8,18.43,clear sky
215,Shalya,RU,57.2471,58.7298,20.66,93,100,10.13,light snow
216,Quatre Cocos,MU,-20.2078,57.7625,74.08,63,23,8.68,few clouds
217,Tazovskiy,RU,67.4667,78.7,5.05,94,100,16.62,light snow
218,Ilanskiy,RU,56.2358,96.065,14.32,97,100,4.16,overcast clouds
219,Takaka,NZ,-40.85,172.8,63.28,46,2,13.13,clear sky
220,Sao Filipe,CV,14.8961,-24.4956,76.23,79,99,5.55,overcast clouds
221,Alekseyevsk,RU,57.8406,108.3492,19.18,97,100,2.59,light snow
222,Sitka,US,57.0531,-135.33,39.09,87,90,17.27,moderate rain
223,Upernavik,GL,72.7868,-56.1549,0.63,62,19,6.58,few clouds
224,Nantucket,US,41.2835,-70.0995,46.51,53,1,11.5,clear sky
225,Copiapo,CL,-27.3667,-70.3333,55.09,55,0,4.74,clear sky
226,Masyaf,SY,35.0653,36.3406,50.05,40,32,1.77,scattered clouds
227,Hurghada,EG,27.2574,33.8129,72.25,50,80,10.83,broken clouds
228,Yellowknife,CA,62.456,-114.3525,14.52,96,90,8.05,light snow
229,Farim,GW,12.4839,-15.2217,77.29,75,81,5.03,broken clouds
230,Husavik,IS,66.0449,-17.3389,31.91,86,99,25.23,snow
231,Fare,PF,-16.7,-151.0167,80.96,78,100,15.75,overcast clouds
232,Ancud,CL,-41.8697,-73.8203,51.42,74,82,3.04,broken clouds
233,Vikhorevka,RU,56.1201,101.1636,15.39,99,91,1.95,overcast clouds
234,Nakamura,JP,32.9833,132.9333,58.82,60,0,3.11,clear sky
235,Mogadishu,SO,2.0371,45.3438,78.84,81,94,7.92,overcast clouds
236,Cap Malheureux,MU,-19.9842,57.6142,74.46,73,26,1.01,scattered clouds
237,Sabang,ID,5.8933,95.3214,81.81,74,99,15.84,overcast clouds
238,Kalabo,ZM,-14.97,22.6814,77.31,47,87,11.74,overcast clouds
239,Papagaios,BR,-19.4492,-44.7478,67.23,78,100,7.0,overcast clouds
240,Te Anau,NZ,-45.4167,167.7167,50.79,80,99,3.6,overcast clouds
241,Mnogovershinnyy,RU,53.9353,139.9242,18.16,73,80,16.67,broken clouds
242,Lucapa,AO,-8.4192,20.7447,63.72,98,95,2.15,overcast clouds
243,Toba,JP,34.4833,136.85,57.2,67,1,13.4,clear sky
244,Bismarck,US,46.8083,-100.7837,44.44,43,1,17.27,clear sky
245,Axim,GH,4.8699,-2.2405,78.51,84,19,7.11,moderate rain
246,Qianguo,CN,45.1171,124.8568,30.52,88,9,14.34,clear sky
247,Tasiilaq,GL,65.6145,-37.6368,26.76,63,14,5.21,few clouds
248,Saint-Augustin,CA,51.226,-58.6502,35.17,84,100,11.61,overcast clouds
249,Norman Wells,CA,65.282,-126.8329,-2.16,84,90,3.44,light snow
250,Jalu,LY,29.0331,21.5482,62.37,71,0,7.58,clear sky
251,Cefalu,IT,38.0386,14.0229,58.75,68,100,5.82,moderate rain
252,Naze,JP,28.3667,129.4833,68.92,61,74,11.68,broken clouds
253,Kaitangata,NZ,-46.2817,169.8464,53.92,79,84,12.17,broken clouds
254,Chesma,RU,53.8111,60.6533,17.06,81,100,16.42,overcast clouds
255,Geraldton,AU,-28.7667,114.6,70.21,60,75,5.75,broken clouds
256,Jiangyou,CN,31.7667,104.7167,50.02,86,100,1.45,overcast clouds
257,Bodden Town,KY,19.2833,-81.25,79.93,93,40,3.0,scattered clouds
258,Vicosa,BR,-20.7539,-42.8819,63.1,92,68,1.48,broken clouds
259,Itaituba,BR,-4.2761,-55.9836,77.4,89,97,2.98,overcast clouds
260,Bara,NG,10.3744,10.7288,75.7,25,63,1.83,broken clouds
261,Maceio,BR,-9.6658,-35.7353,78.24,83,0,8.05,clear sky
262,Zhadovka,RU,53.5746,46.9498,25.66,89,98,14.54,overcast clouds
263,Oytal,KZ,42.9057,73.2697,40.93,46,98,3.85,overcast clouds
264,Kars,TR,40.602,43.095,25.65,93,0,1.14,clear sky
265,Mao,ES,39.8885,4.2658,57.76,88,75,18.41,broken clouds
266,Mizdah,LY,31.4451,12.9801,58.41,32,2,2.77,clear sky
267,Cidreira,BR,-30.1811,-50.2056,68.95,94,99,4.99,moderate rain
268,Quelimane,MZ,-17.8786,36.8883,78.75,89,0,3.44,clear sky
269,Roma,US,43.2128,-75.4557,39.06,94,90,0.0,overcast clouds
270,Lakhipur,IN,26.0299,90.3041,62.15,84,12,6.33,light rain
271,East London,ZA,-33.0153,27.9116,64.63,89,100,14.56,light rain
272,Sao Felix Do Xingu,BR,-6.6447,-51.995,73.24,97,98,1.92,overcast clouds
273,Vigrestad,NO,58.5667,5.7,48.99,92,100,22.46,light rain
274,Saint-Francois,FR,46.4154,3.9054,42.48,98,90,6.91,light intensity drizzle
275,Garden City,US,42.3256,-83.331,39.45,74,90,1.01,overcast clouds
276,Flinders,AU,-34.5833,150.8552,67.21,63,61,4.94,broken clouds
277,Najran,SA,17.4924,44.1277,59.65,36,0,0.96,clear sky
278,Chimbote,PE,-9.0853,-78.5783,63.99,83,69,8.48,broken clouds
279,Ingham,US,42.6,-84.3833,39.15,76,1,11.5,clear sky
280,Pabna,BD,24.0,89.25,64.99,77,4,6.85,clear sky
281,San Cristobal,VE,7.7669,-72.225,71.78,92,99,2.19,overcast clouds
282,Komsomolskiy,UZ,40.4272,71.7189,41.72,65,100,9.22,haze
283,Cortland,US,42.6001,-76.083,36.72,84,40,0.0,scattered clouds
284,Svetlyy,RU,54.675,20.1347,39.25,89,24,8.01,few clouds
285,Aykhal,RU,66.0,111.5,-8.39,100,99,3.78,overcast clouds
286,Shitanjing,CN,39.2342,106.3439,32.58,31,0,4.0,clear sky
287,Sinnai,IT,39.3042,9.2036,53.74,88,0,5.75,clear sky
288,Rawson,AR,-43.3002,-65.1023,56.17,45,0,25.99,clear sky
289,Minsk,BY,53.9,27.5667,33.55,83,21,6.64,few clouds
290,Khandyga,RU,62.6667,135.6,-24.66,100,64,0.56,broken clouds
291,Gidole,ET,5.65,37.3667,56.71,72,57,2.68,broken clouds
292,Bukachacha,RU,52.9833,116.9167,22.53,94,100,5.86,snow
293,Porto Belo,BR,-27.1578,-48.5531,73.38,90,63,9.08,broken clouds
294,Puerto Leguizamo,CO,-0.1934,-74.7819,77.61,68,92,2.95,overcast clouds
295,Puerto Escondido,MX,15.85,-97.0667,83.23,65,40,0.0,scattered clouds
296,Kendari,ID,-3.945,122.4989,74.32,91,100,4.7,overcast clouds
297,Bundaberg,AU,-24.85,152.35,85.21,56,40,5.01,scattered clouds
298,Bandarbeyla,SO,9.4942,50.8122,76.28,68,28,4.45,scattered clouds
299,Kawalu,ID,-7.3817,108.2082,76.28,87,93,1.3,overcast clouds
300,Pangnirtung,CA,66.1451,-65.7125,3.51,64,11,5.86,few clouds
301,Menongue,AO,-14.6585,17.691,68.47,62,86,2.62,overcast clouds
302,Poso,ID,-1.3959,120.7524,82.53,68,99,1.21,overcast clouds
303,Chapais,CA,49.7834,-74.8492,22.78,83,95,7.52,light snow
304,Rebrikha,RU,53.0733,82.3408,11.05,98,78,2.24,broken clouds
305,Bonavista,CA,48.6499,-53.1147,43.12,72,61,31.29,broken clouds
306,Utete,TZ,-7.986,38.758,74.95,82,44,1.88,scattered clouds
307,Pisco,PE,-13.7,-76.2167,64.45,82,0,10.36,clear sky
308,Touros,BR,-5.1989,-35.4608,81.5,73,1,16.44,clear sky
309,Audru,EE,58.4086,24.3739,42.96,91,100,11.07,overcast clouds
310,Ramshir,IR,30.8946,49.4092,62.35,45,66,9.13,broken clouds
311,Grindavik,IS,63.8424,-22.4338,34.27,80,75,9.22,broken clouds
312,Saint-Louis,SN,16.3333,-15.0,78.44,41,75,10.56,broken clouds
313,Flin Flon,CA,54.7682,-101.865,26.44,86,90,13.8,light snow
314,Tibati,CM,6.4667,12.6333,70.23,78,56,2.89,broken clouds
315,Lerwick,GB,60.1545,-1.1494,46.4,62,93,24.63,overcast clouds
316,Nemuro,JP,43.3236,145.575,41.43,61,15,18.77,few clouds
317,Masallatah,LY,32.6167,14.0,63.7,36,73,18.21,broken clouds
318,Tautira,PF,-17.7333,-149.15,86.02,80,98,16.11,overcast clouds
319,Abha,SA,18.2164,42.5053,53.85,71,0,0.0,clear sky
320,Nome,US,64.5011,-165.4064,12.27,58,1,10.36,clear sky
321,Akdepe,TM,42.0551,59.3788,32.09,89,97,20.36,light snow
322,Zyryanka,RU,65.75,150.85,1.49,96,100,14.72,light snow
323,Okha,RU,53.5739,142.9478,26.49,67,100,17.18,overcast clouds
324,Bowen,AU,-20.0167,148.2333,86.22,67,13,14.18,few clouds
325,Rocha,UY,-34.4833,-54.3333,56.75,78,100,17.38,overcast clouds
326,Zarand,IR,30.8127,56.564,49.57,39,98,4.21,overcast clouds
327,Dalaba,GN,10.7,-12.25,63.0,70,8,2.06,clear sky
328,Maldonado,UY,-34.6667,-54.9167,58.39,78,100,16.11,overcast clouds
329,Kampot,KH,10.6167,104.1833,80.65,92,99,5.57,overcast clouds
330,Millville,US,39.4021,-75.0393,45.93,68,1,0.0,clear sky
331,Monrovia,LR,6.3005,-10.7969,79.92,80,92,6.91,overcast clouds
332,Kerrobert,CA,51.9168,-109.1348,25.0,91,100,31.38,light snow
333,Saldanha,ZA,-33.0117,17.9442,57.25,86,11,9.69,few clouds
334,Asbury Park,US,40.2204,-74.0121,48.15,57,1,5.75,clear sky
335,Maneromango,TZ,-7.1988,38.7848,66.99,97,20,1.68,few clouds
336,Michelstadt,DE,49.6736,9.0025,44.22,94,100,2.68,overcast clouds
337,Saurimo,AO,-9.6608,20.3916,64.85,97,100,4.05,overcast clouds
338,Malanje,AO,-9.5402,16.341,64.06,99,100,2.37,overcast clouds
339,Dutlwe,BW,-23.9833,23.9,78.6,36,86,10.85,overcast clouds
340,Bandar,ID,2.05,99.75,73.06,91,100,2.28,overcast clouds
341,Angoram,PG,-4.0625,144.0661,85.77,68,100,2.13,overcast clouds
342,Pontalina,BR,-17.525,-49.4472,69.66,77,34,5.41,scattered clouds
343,Bozoum,CF,6.3193,16.3799,71.11,83,80,3.91,broken clouds
344,Los Llanos De Aridane,ES,28.6585,-17.9182,62.35,64,75,10.0,broken clouds
345,Salta,AR,-24.7859,-65.4117,54.19,95,90,1.99,overcast clouds
346,Gat,IL,31.61,34.7642,69.4,47,97,4.99,overcast clouds
347,Yulara,AU,-25.2406,130.9889,84.04,16,15,10.36,few clouds
348,Gacko,BA,43.1672,18.5353,35.73,89,9,2.21,clear sky
349,Batman,TR,37.8874,41.1322,35.4,80,0,3.44,clear sky
350,Teahupoo,PF,-17.8333,-149.2667,80.56,81,98,16.37,overcast clouds
351,Troitskoye,RU,52.9821,84.6757,19.11,97,100,2.48,overcast clouds
352,Puerto Colombia,CO,10.9878,-74.9547,82.49,82,68,18.68,broken clouds
353,Ningxiang,CN,37.34,111.2052,37.22,57,93,4.05,overcast clouds
354,Aktau,KZ,43.65,51.2,23.58,64,8,1.7,clear sky
355,Purranque,CL,-40.9167,-73.1667,58.33,48,52,7.07,broken clouds
356,Sinnamary,GF,5.3833,-52.95,77.36,84,100,9.08,overcast clouds
357,Emerald,AU,-23.5333,148.1667,84.34,57,75,8.05,broken clouds
358,Eirunepe,BR,-6.6603,-69.8736,73.72,99,100,2.46,overcast clouds
359,Wattegama,LK,6.7989,81.4808,76.12,94,98,2.06,overcast clouds
360,Ouallam,NE,14.3188,2.0866,82.09,16,49,6.17,scattered clouds
361,Hami,CN,42.8,93.45,34.79,44,2,4.5,clear sky
362,Kodiak,US,57.79,-152.4072,29.71,64,1,14.97,clear sky
363,Kashi,CN,39.4547,75.9797,31.21,59,31,4.47,scattered clouds
364,Faya,SA,18.3851,42.4509,54.12,65,0,2.26,clear sky
365,Amahai,ID,-3.3333,128.9167,82.4,73,100,1.01,overcast clouds
366,Talnakh,RU,69.4865,88.3972,-12.32,92,95,6.46,overcast clouds
367,Khasan,RU,42.4308,130.6434,39.45,52,13,2.75,few clouds
368,Piltene,LV,57.2243,21.6744,39.15,100,90,8.05,drizzle
369,Davila,PH,18.4726,120.5763,80.58,81,88,21.79,overcast clouds
370,Ostrovnoy,RU,68.0531,39.5131,19.51,85,92,13.31,overcast clouds
371,Hambantota,LK,6.1241,81.1185,77.34,100,20,2.3,few clouds
372,Tame,CO,6.461,-71.73,76.48,68,98,3.74,overcast clouds
373,Pevek,RU,69.7008,170.3133,20.84,78,100,10.13,overcast clouds
374,Havre-Saint-Pierre,CA,50.2334,-63.5986,39.2,80,90,17.27,overcast clouds
375,Ascension,US,30.2169,-90.9001,69.04,77,40,4.61,scattered clouds
376,Energeticheskiy,KZ,43.4278,77.0222,30.76,80,75,4.47,mist
377,Srednekolymsk,RU,67.45,153.6833,-0.15,98,100,5.48,overcast clouds
378,Novikovo,RU,51.1537,37.8879,24.12,73,14,6.02,few clouds
379,Balkhash,KZ,46.844,74.9804,34.88,82,100,10.96,light rain
380,Samarai,PG,-10.6167,150.6667,84.65,72,64,9.17,broken clouds
381,Sampit,ID,-2.5333,112.95,76.17,94,100,1.03,overcast clouds
382,Lasa,IT,46.6166,10.7002,47.66,98,98,2.71,overcast clouds
383,Hofn,IS,64.2539,-15.2082,36.3,62,64,17.47,broken clouds
384,Bonfim,BR,3.0833,-59.95,84.22,57,92,6.76,overcast clouds
385,Rincon,US,32.296,-81.2354,59.86,75,1,5.75,clear sky
386,Honningsvag,NO,70.9821,25.9704,36.9,77,97,14.38,overcast clouds
387,Vostok,RU,46.4856,135.8833,21.6,88,72,5.01,broken clouds
388,Padang,ID,-0.9492,100.3543,80.65,70,86,3.91,overcast clouds
389,Le Port,RE,-20.9373,55.2919,75.2,91,78,4.74,broken clouds
390,Starkville,US,33.4504,-88.8184,66.67,78,17,6.82,few clouds
391,Brooks,CA,50.5834,-111.8851,29.03,75,100,24.16,overcast clouds
392,Berlevag,NO,70.8578,29.0864,35.85,86,100,14.09,overcast clouds
393,Guilin,CN,25.2819,110.2864,57.31,96,100,5.46,overcast clouds
394,Plettenberg Bay,ZA,-34.0527,23.3716,59.68,86,100,5.03,overcast clouds
395,Roald,NO,62.5833,6.1333,51.85,81,100,20.71,light rain
396,Fortuna,US,40.5982,-124.1573,55.42,72,85,1.01,overcast clouds
397,Rovaniemi,FI,66.5,25.7167,35.01,100,90,9.22,fog
398,Dunedin,NZ,-45.8742,170.5036,52.23,76,99,18.14,overcast clouds
399,Hammerfest,NO,70.6634,23.6821,36.05,80,0,9.22,clear sky
400,Airai,TL,-8.9266,125.4092,69.87,50,98,2.64,overcast clouds
401,Portland,US,45.5234,-122.6762,50.43,80,75,3.44,broken clouds
402,Xichang,CN,27.8964,102.2634,46.92,85,100,5.39,overcast clouds
403,Oranjemund,NA,-28.55,16.4333,60.04,95,7,6.91,clear sky
404,Forestville,US,38.8451,-76.875,47.43,71,75,4.61,broken clouds
405,Namatanai,PG,-3.6667,152.4333,85.15,62,93,4.81,overcast clouds
406,Ponta Delgada,PT,37.7333,-25.6667,66.51,63,75,9.22,broken clouds
407,Mosetse,BW,-20.75,26.65,77.11,37,58,8.14,broken clouds
408,Acapulco,MX,16.8634,-99.8901,82.22,74,75,4.61,broken clouds
409,Santa Cruz,BO,-17.8,-63.1667,71.06,94,75,2.3,broken clouds
410,Malpe,IN,13.35,74.7167,76.3,93,100,7.85,overcast clouds
411,Sao Joao Da Barra,BR,-21.6403,-41.0511,72.25,76,60,14.88,broken clouds
412,Goya,AR,-29.14,-59.2626,71.64,71,99,9.01,overcast clouds
413,Vila Franca Do Campo,PT,37.7167,-25.4333,66.2,74,35,10.6,scattered clouds
414,Mehamn,NO,71.0357,27.8492,33.71,91,100,10.54,overcast clouds
415,Ligayan,PH,4.6533,119.4706,81.79,74,100,6.64,moderate rain
416,Belaya Gora,RU,68.5333,146.4167,-16.64,100,100,2.51,overcast clouds
417,Lukaya,UG,-0.1489,31.8748,62.73,91,67,2.35,broken clouds
418,Gillette,US,44.2911,-105.5022,36.52,28,90,21.0,overcast clouds
419,Utiel,ES,39.5667,-1.2,45.64,78,2,5.61,clear sky
420,Asau,RO,46.4333,26.4,34.72,93,47,2.98,scattered clouds
421,Vardo,NO,70.3705,31.1107,36.48,82,100,16.93,overcast clouds
422,Isoka,ZM,-10.1606,32.6335,68.54,53,99,1.72,overcast clouds
423,Susanville,US,40.4163,-120.653,51.66,39,1,5.75,clear sky
424,Nara,JP,34.6851,135.8049,58.96,59,0,2.06,clear sky
425,Bengkulu,ID,-3.8004,102.2655,76.96,78,40,3.27,scattered clouds
426,Avera,US,33.194,-82.5271,61.72,43,0,6.98,clear sky
427,Alice Springs,AU,-23.7,133.8833,76.55,23,0,11.5,clear sky
428,Kostek,RU,43.3439,46.8541,30.38,73,0,7.11,clear sky
429,Trinidad,BO,-14.8333,-64.9,74.21,96,100,2.42,moderate rain
430,Tessalit,ML,20.1986,1.0114,68.5,17,91,7.23,overcast clouds
431,Daru,PG,-9.0763,143.2092,81.05,85,100,5.26,light rain
432,Ambilobe,MG,-13.2,49.05,72.57,82,2,4.32,clear sky
433,Dudinka,RU,69.4058,86.1778,-8.16,91,96,5.82,overcast clouds
434,San Quintin,MX,30.4833,-115.95,66.16,74,99,12.75,overcast clouds
435,Lincoln,US,40.8,-96.667,64.02,55,1,1.01,clear sky
436,Ribeira Brava,PT,32.65,-17.0667,68.63,65,20,7.45,few clouds
437,Godhra,IN,22.75,73.6333,66.52,40,93,10.09,overcast clouds
438,Skelleftea,SE,64.7507,20.9528,30.56,93,20,2.3,mist
439,Wenling,CN,28.3669,121.36,58.91,85,100,8.37,overcast clouds
440,Taga,RO,46.95,24.05,28.49,80,21,2.48,few clouds
441,Santa Rosa,PH,14.3122,121.1114,86.09,70,96,13.18,overcast clouds
442,Camana,PE,-16.6228,-72.7111,65.52,78,71,4.88,broken clouds
443,Panaba,MX,21.2833,-88.2667,73.35,83,87,7.9,overcast clouds
444,Sakaiminato,JP,35.55,133.2333,51.78,93,20,4.61,few clouds
445,Ulladulla,AU,-35.35,150.4667,64.76,59,66,5.91,broken clouds
446,Birjand,IR,32.8663,59.2211,45.07,29,75,0.0,broken clouds
447,Palmer,US,42.1584,-72.3287,41.5,63,75,1.01,broken clouds
448,Baikunthpur,IN,23.25,82.55,59.92,69,27,4.52,scattered clouds
449,Gorontalo,ID,0.5412,123.0595,80.31,82,100,1.43,overcast clouds
450,Elizabeth City,US,36.2946,-76.2511,51.01,79,1,3.44,clear sky
451,Vestmannaeyjar,IS,63.4427,-20.2734,38.41,67,23,19.22,few clouds
452,Pacifica,US,37.6138,-122.4869,65.84,81,75,0.0,mist
453,Ayagoz,KZ,47.9714,80.4392,22.17,93,100,3.06,overcast clouds
454,Zemio,CF,5.0314,25.1361,69.44,87,32,0.87,scattered clouds
455,Huejuquilla El Alto,MX,22.6,-103.8667,62.92,24,89,3.6,overcast clouds
456,Severo-Kurilsk,RU,50.6789,156.125,33.71,69,89,9.55,overcast clouds
457,Oktyabrskiy,RU,54.4815,53.471,25.09,90,100,13.35,light snow
458,Terrace Bay,CA,48.7834,-87.1,28.02,82,100,21.85,light snow
459,San Jose,US,37.3394,-121.895,66.06,74,40,4.61,scattered clouds
460,Cravo Norte,CO,6.3017,-70.2041,84.13,53,95,7.34,overcast clouds
461,Presidente Epitacio,BR,-21.7633,-52.1156,80.44,46,100,7.29,light rain
462,Provideniya,RU,64.3833,-173.3,19.51,58,75,8.95,broken clouds
463,Asyut,EG,27.181,31.1837,69.73,53,85,7.54,overcast clouds
464,Port Macquarie,AU,-31.4333,152.9167,71.89,56,95,3.58,overcast clouds
465,Bima,ID,-8.4667,118.7167,77.05,88,100,1.9,overcast clouds
466,Weligama,LK,5.9667,80.4167,77.18,88,100,7.63,moderate rain
467,Marawi,PH,7.9986,124.2928,70.65,86,85,1.16,overcast clouds
468,Aguimes,ES,27.9054,-15.4461,65.03,66,40,12.66,scattered clouds
469,Champerico,GT,14.3,-91.9167,84.34,73,12,7.2,few clouds
470,Honiara,SB,-9.4333,159.95,87.3,63,90,4.0,overcast clouds
471,Boyolangu,ID,-8.1181,111.8935,75.83,89,100,1.92,overcast clouds
472,Pahrump,US,36.2083,-115.9839,74.84,16,34,1.01,scattered clouds
473,Bosaso,SO,11.2842,49.1816,75.0,62,85,4.47,overcast clouds
474,Klaksvik,FO,62.2266,-6.589,41.92,70,47,31.07,scattered clouds
475,Kerema,PG,-7.9631,145.7785,82.76,77,94,3.69,overcast clouds
476,Souillac,MU,-20.5167,57.5167,74.35,83,20,5.75,few clouds
477,Wyndham,US,37.6985,-77.6125,48.97,78,1,3.44,clear sky
478,At-Bashi,KG,41.1702,75.8106,19.69,51,99,3.69,overcast clouds
479,Surgut,RU,61.25,73.4167,14.18,92,75,8.95,shower snow
480,Kalianget,ID,-7.05,113.9333,78.03,87,100,10.22,overcast clouds
481,Kirakira,SB,-10.4544,161.9205,85.55,70,34,6.08,scattered clouds
482,Elwood,AU,-37.8817,144.983,65.48,57,75,1.01,broken clouds
483,Biak,ID,-0.9131,122.8766,78.39,82,100,3.22,light rain
484,Hovd,MN,48.0056,91.6419,20.89,47,97,2.37,overcast clouds
485,Rongcheng,CN,30.634,117.8517,58.55,68,95,2.89,overcast clouds
486,Manono,CD,-7.3,27.4167,66.97,98,100,1.68,light rain
487,Seymchan,RU,62.8833,152.4333,7.99,89,100,17.09,overcast clouds
488,Codrington,AU,-38.2667,141.9667,62.2,50,100,4.94,overcast clouds
489,Port Lincoln,AU,-34.7333,135.8667,67.55,56,11,11.12,few clouds
490,Kankon,IN,15.0167,74.0167,76.8,89,100,5.41,overcast clouds
491,Olenegorsk,RU,68.15,33.3,22.32,97,100,4.43,overcast clouds
492,Alofi,NU,-19.0595,-169.9187,76.86,70,11,17.81,light rain
493,Fairbanks,US,64.8378,-147.7164,1.36,79,90,0.0,light snow
494,Vilhena,BR,-12.7406,-60.1458,70.59,93,100,2.42,overcast clouds
495,Kindu,CD,-2.95,25.95,69.48,99,100,2.04,light rain
496,Inta,RU,66.0317,60.1659,-2.11,98,100,6.8,overcast clouds
497,Linares,CL,-35.85,-71.6,62.29,29,0,5.01,clear sky
498,Kuytun,RU,54.3419,101.5036,6.78,97,93,2.93,overcast clouds
499,Uruguaiana,BR,-29.7547,-57.0883,71.53,88,75,9.22,light rain
500,Sibolga,ID,1.7427,98.7792,78.3,80,100,1.28,moderate rain
501,Cayenne,GF,4.9333,-52.3333,81.09,86,75,3.0,broken clouds
502,Medea,DZ,36.2642,2.7539,46.85,93,99,5.48,overcast clouds
503,Antsohihy,MG,-14.8796,47.9875,76.41,84,1,2.15,clear sky
504,Fukue,JP,32.6881,128.8419,59.36,82,20,2.3,few clouds
505,Cartagena,CO,10.3997,-75.5144,82.02,83,20,11.5,few clouds
506,Marrakesh,MA,31.6315,-8.0083,51.87,71,55,1.14,broken clouds
507,Tura,IN,25.5198,90.2201,61.84,87,0,3.83,clear sky
508,Bauchi,NG,10.5,10.0,72.45,27,100,5.01,overcast clouds
509,Charters Towers,AU,-20.1,146.2667,88.09,45,21,13.98,few clouds
510,Marzuq,YE,14.4,46.4667,63.82,31,99,2.08,overcast clouds
511,La Ronge,CA,55.1001,-105.2842,28.65,93,90,20.71,light snow
512,Belyy Yar,RU,53.6039,91.3903,20.86,81,0,0.0,clear sky
513,Lazaro Cardenas,MX,17.9583,-102.2,78.82,78,41,4.97,scattered clouds
514,Omboue,GA,-1.5746,9.2618,75.04,90,100,3.6,overcast clouds
515,Bertinoro,IT,44.1469,12.1389,49.03,92,75,12.66,mist
516,Isangel,VU,-19.55,169.2667,86.11,62,75,9.22,broken clouds
517,Camopi,GF,3.1655,-52.3158,71.96,97,10,2.66,clear sky
518,Sao Pedro Do Sul,BR,-29.6206,-54.1789,68.65,94,93,2.13,overcast clouds
519,Duvan,RU,55.695,57.9024,21.13,89,100,12.88,overcast clouds
520,Cedar City,US,37.6775,-113.0619,56.37,28,1,10.36,clear sky
521,Slavsk,RU,55.0425,21.677,35.71,95,29,5.75,scattered clouds
522,Dali,CN,25.7,100.1833,55.47,71,33,1.99,scattered clouds
523,Yaan,NG,7.3833,8.5667,75.85,82,54,7.54,broken clouds
524,Chitose,JP,42.8194,141.6522,48.65,49,75,3.44,broken clouds
525,Laguna,US,38.421,-121.4238,67.28,75,1,1.01,clear sky
526,Malazgirt,TR,39.1427,42.5401,33.93,59,0,2.48,clear sky
527,Broken Hill,AU,-31.95,141.4333,69.51,23,99,6.91,overcast clouds
528,Korla,CN,41.7597,86.1469,31.73,46,70,2.91,broken clouds
529,San Francisco,US,37.7749,-122.4194,66.18,77,75,1.99,broken clouds
530,Olinda,BR,-8.0089,-34.8553,82.13,69,75,9.22,broken clouds
531,Aquiraz,BR,-3.9014,-38.3911,82.49,77,6,15.01,clear sky
532,The Pas,CA,53.8251,-101.2541,30.22,93,90,16.11,snow
533,Solnechnyy,RU,50.7214,136.6319,23.97,59,4,1.68,clear sky
534,Constitucion,CL,-35.3333,-72.4167,55.38,75,0,12.93,clear sky
535,Capela,BR,-10.5033,-37.0528,78.73,83,100,8.48,overcast clouds
536,Nizwa,OM,22.9333,57.5333,64.76,55,0,1.92,clear sky
537,San Patricio,US,28.017,-97.5169,76.98,68,0,16.98,clear sky
538,Jieshi,CN,22.8134,115.8257,68.95,72,34,7.67,scattered clouds
539,Ljubinje,BA,42.9508,18.0886,52.43,80,8,3.91,clear sky
540,Sortland,NO,68.6949,15.4162,46.36,94,100,6.35,overcast clouds
541,Zinder,NE,13.8072,8.9881,78.57,13,100,8.23,overcast clouds
542,Yarada,IN,17.65,83.2667,79.12,89,75,5.75,mist
543,Totness,SR,5.8833,-56.3167,77.0,87,92,7.23,overcast clouds
544,Brae,GB,60.3964,-1.353,46.31,66,45,23.02,scattered clouds
545,Banepa,NP,27.6298,85.5214,48.52,93,20,2.3,few clouds
546,Aljezur,PT,37.3191,-8.8033,54.01,60,16,8.05,few clouds
547,Ulagan,RU,50.6321,87.9563,18.55,95,100,1.9,light snow
548,Atar,MR,20.5169,-13.0499,78.82,30,100,6.73,overcast clouds
549,Mount Pleasant,US,32.7941,-79.8626,60.01,78,20,3.0,few clouds
550,Mount Isa,AU,-20.7333,139.5,85.77,14,3,18.41,clear sky
551,Molo,KE,-0.2479,35.7374,49.28,95,92,2.17,overcast clouds
552,Nouadhibou,MR,20.931,-17.0347,67.98,88,100,8.05,overcast clouds
553,Micheweni,TZ,-4.9667,39.8333,79.18,74,96,4.56,overcast clouds
554,Ozinki,RU,51.1786,49.6769,22.75,87,99,15.23,overcast clouds
555,Ballina,AU,-28.8667,153.5667,75.38,58,75,12.66,broken clouds
556,Westport,US,41.1415,-73.3579,46.98,61,1,1.99,clear sky
557,Nelson Bay,AU,-32.7167,152.15,70.77,67,78,3.0,broken clouds
558,Nizhnevartovsk,RU,60.9344,76.5531,10.42,92,90,8.95,overcast clouds
559,Pundaguitan,PH,6.3711,126.1689,82.71,70,69,2.01,broken clouds
560,Ormara,PK,25.2088,64.6357,75.04,32,0,5.75,clear sky
561,Prince Rupert,CA,54.3161,-130.3201,42.49,81,90,14.97,overcast clouds
562,Sistranda,NO,63.7256,8.834,48.9,73,100,10.2,light rain
563,Jahanabad,IN,25.2167,84.9833,57.76,59,8,0.81,clear sky
564,Dunning,GB,56.312,-3.5861,45.97,80,14,14.09,few clouds
565,Morro Bay,US,35.3658,-120.8499,74.28,60,72,9.95,broken clouds
566,Peterhead,GB,57.5058,-1.7981,41.45,79,47,19.64,scattered clouds
567,Llangefni,GB,53.2556,-4.3106,51.73,66,20,14.97,few clouds
568,Strezhevoy,RU,60.7333,77.5889,10.38,93,100,12.53,light snow
569,Mananjary,MG,-21.2167,48.3333,74.71,83,100,11.83,overcast clouds
570,Yomou,GN,7.5603,-9.2653,69.58,94,64,1.81,broken clouds
571,Billings,US,45.7833,-108.5007,39.29,26,40,26.46,scattered clouds
572,Acuexcomac,MX,19.0333,-98.3833,63.61,29,40,11.5,scattered clouds
573,Ankpa,NG,7.3706,7.6253,73.36,88,6,6.42,clear sky
574,Santa Maria Del Oro,MX,25.9333,-105.3667,62.56,25,69,4.65,broken clouds
575,Taltal,CL,-25.4,-70.4833,60.57,81,36,3.71,scattered clouds
576,Clarksdale,US,34.2001,-90.5709,68.92,73,40,9.22,scattered clouds
577,Urumqi,CN,43.801,87.6005,27.55,93,75,4.47,mist
578,Klamath Falls,US,42.2249,-121.7817,44.87,45,1,1.99,clear sky
579,Manali,IN,13.1667,80.2667,79.07,93,16,4.59,few clouds
580,Normandin,CA,48.8333,-72.5321,26.91,68,24,13.8,few clouds
581,Digha,IN,21.6833,87.55,69.69,73,68,8.79,broken clouds
582,Gobabis,NA,-22.45,18.9667,79.3,34,100,9.55,overcast clouds
583,Vila,PT,42.0304,-8.1588,44.33,88,100,5.57,overcast clouds
584,Gold Coast,AU,-28.0,153.4333,78.39,63,40,4.0,scattered clouds
585,Blackwater,AU,-23.5833,148.8833,85.32,41,0,11.03,clear sky
586,Huntingdon,GB,52.3305,-0.1865,50.13,94,83,1.99,broken clouds
587,Kot Addu,PK,30.4692,70.9671,55.26,20,0,4.41,clear sky
588,San Pedro,PH,14.35,121.0167,85.32,73,20,3.44,few clouds
589,Qiongshan,CN,20.0058,110.3542,75.18,88,75,11.18,broken clouds
590,Zeya,RU,53.75,127.2667,17.51,64,75,2.66,broken clouds
591,Kiama,AU,-34.6833,150.8667,64.99,66,58,5.95,broken clouds
592,Prado,BR,-17.3411,-39.2208,71.37,90,97,4.29,overcast clouds
593,Catuday,PH,16.2923,119.8062,81.37,70,100,11.5,overcast clouds
594,Tevriz,RU,57.509,72.4042,14.83,88,100,11.16,overcast clouds
595,Praia,CV,14.9215,-23.5087,75.74,83,40,10.36,scattered clouds
596,Vila Do Maio,CV,15.1333,-23.2167,75.99,78,100,8.95,overcast clouds
597,Esmeraldas,BR,-19.7625,-44.3139,70.84,81,100,7.61,overcast clouds
598,Meulaboh,ID,4.1363,96.1285,75.18,91,100,4.83,moderate rain
599,Katobu,ID,-4.9408,122.5276,78.17,85,100,2.01,overcast clouds
600,Oga,IT,46.4631,10.347,38.08,99,100,1.9,overcast clouds
601,Priladozhskiy,RU,59.85,31.4833,39.61,67,100,7.99,overcast clouds
602,Mosquera,CO,4.7059,-74.2302,55.49,94,40,3.44,scattered clouds
603,Aksarka,RU,66.5606,67.7975,5.16,93,100,15.39,light snow
604,Bac Lieu,VN,9.285,105.7244,80.73,86,100,14.38,overcast clouds
605,Mandalgovi,MN,45.7625,106.2708,21.42,40,12,7.38,few clouds
606,Sur,OM,22.5667,59.5289,72.88,55,0,5.79,clear sky
607,Ahuimanu,US,21.4447,-157.8378,83.91,77,75,3.44,broken clouds
608,Wuwei,CN,37.9281,102.6414,38.55,28,0,4.54,clear sky
609,Nyahururu,KE,0.0421,36.3673,50.36,91,34,5.39,scattered clouds
610,Vitim,RU,59.4511,112.5578,6.76,99,97,1.45,overcast clouds
611,Mayumba,GA,-3.432,10.6554,76.03,87,100,5.14,overcast clouds
612,Cap-Aux-Meules,CA,47.3821,-61.8597,39.25,65,90,32.21,overcast clouds
613,Juneau,US,58.3019,-134.4197,38.21,94,90,3.0,moderate rain
614,Minab,IR,27.1467,57.0801,69.3,62,22,3.8,few clouds
615,West Bay,KY,19.3667,-81.4167,81.0,88,40,3.0,scattered clouds
616,Porto Walter,BR,-8.2686,-72.7439,75.9,88,100,4.27,moderate rain
617,Luwuk,ID,-0.9516,122.7875,80.85,81,100,2.8,overcast clouds
618,Havoysund,NO,70.9963,24.6622,38.28,79,100,10.27,overcast clouds
619,Mutoko,ZW,-17.397,32.2268,70.45,39,0,3.83,clear sky
620,Bahir Dar,ET,11.5936,37.3908,59.67,68,45,3.74,scattered clouds
621,Terra Rica,BR,-22.7094,-52.6169,78.08,49,100,6.38,overcast clouds
622,Irbit,RU,57.6705,63.071,20.34,92,100,9.98,light snow
623,Pinotepa Nacional,MX,16.3167,-98.0167,72.14,83,87,0.85,overcast clouds
624,Luang Prabang,LA,19.8856,102.1347,71.56,94,75,2.3,mist
625,Culebra,PR,18.303,-65.301,80.64,67,6,11.99,clear sky
626,Itarema,BR,-2.9248,-39.9167,80.74,76,4,16.58,clear sky
627,Puri,IN,19.8,85.85,76.37,84,13,11.07,few clouds
628,Panlaitan,PH,12.1191,119.8486,83.79,72,100,3.91,overcast clouds
629,Suez,EG,29.9737,32.5263,67.68,70,100,2.13,overcast clouds
630,Umm Kaddadah,SD,13.6017,26.6876,72.05,32,0,12.62,clear sky
631,Pafos,CY,34.7667,32.4167,62.38,72,100,6.91,overcast clouds
632,Aasiaat,GL,68.7098,-52.8699,-4.74,99,86,9.01,overcast clouds
633,Sept-Iles,CA,50.2001,-66.3821,34.32,73,90,8.01,overcast clouds
634,Chunskiy,RU,56.0815,99.6342,12.36,98,100,1.92,overcast clouds
635,Ahome,MX,25.9167,-109.1833,85.95,48,100,6.89,overcast clouds
636,Bonthe,SL,7.5264,-12.505,79.39,81,100,4.38,overcast clouds
637,Meghri,AM,38.9029,46.2446,34.86,91,38,3.71,scattered clouds
638,Alghero,IT,40.5589,8.3181,53.69,94,0,3.44,clear sky
639,Juba,SS,4.8517,31.5825,78.13,57,89,1.81,overcast clouds
640,Shakawe,BW,-18.3667,21.85,78.71,38,93,3.33,overcast clouds
641,Belousovka,KZ,50.1339,82.5239,27.45,93,90,0.0,light shower snow
642,Hanzhong,CN,33.0728,107.0303,49.03,84,3,2.19,clear sky
643,Sarangani,PH,5.4033,125.4636,83.25,71,96,2.55,light rain
644,Olafsvik,IS,64.8945,-23.7142,34.52,70,14,10.16,few clouds
645,Chadiza,ZM,-14.0678,32.4392,68.59,50,1,2.71,clear sky
646,Burla,IN,21.5,83.8667,71.15,87,51,5.3,broken clouds
647,Purpe,RU,64.4803,76.6897,12.88,95,100,9.57,light snow
648,Datong,CN,40.0936,113.2914,33.22,62,2,5.32,clear sky
649,Nizhniy Kuranakh,RU,58.8353,125.4869,11.97,96,96,2.13,overcast clouds
650,Iquitos,PE,-3.7481,-73.2472,77.04,94,90,3.44,light rain
651,Richards Bay,ZA,-28.783,32.0377,68.05,87,41,5.35,light rain
652,Sorland,NO,67.667,12.6934,47.12,89,100,23.09,light rain
653,Polignano A Mare,IT,40.9959,17.2159,60.93,77,100,5.28,overcast clouds
654,Celestun,MX,20.8667,-90.4,76.26,72,10,14.36,clear sky
655,Inuvik,CA,68.3499,-133.7218,-3.14,84,75,5.75,light snow
656,Paamiut,GL,61.994,-49.6678,11.91,77,100,7.45,overcast clouds
657,Canakkale,TR,40.0833,26.8333,48.81,81,100,12.39,overcast clouds
658,Sumbe,AO,-11.2061,13.8437,77.07,87,100,1.34,light rain
659,Necochea,AR,-38.5473,-58.7368,51.04,70,1,10.85,clear sky
660,Gongzhuling,CN,43.5008,124.8198,37.94,71,8,13.8,clear sky
661,Taoudenni,ML,22.6783,-3.9836,72.72,17,100,6.64,overcast clouds
662,Mildura,AU,-34.2,142.15,71.08,34,95,6.91,overcast clouds
663,Pemangkat,ID,1.1667,108.9667,80.94,79,28,3.74,scattered clouds
664,Guarda,PT,40.5373,-7.2658,39.24,87,98,6.26,overcast clouds
665,Byron Bay,AU,-28.65,153.6167,75.31,60,57,9.35,broken clouds
666,Boston,US,42.3584,-71.0598,42.75,64,20,11.99,few clouds
667,Mackay,AU,-21.15,149.2,88.68,51,0,14.97,clear sky
668,Khorramshahr,IR,30.4397,48.1664,62.56,72,6,6.91,clear sky
669,Bati,ET,11.1833,40.0167,62.31,38,17,6.46,few clouds
670,Porto Novo,BJ,6.4965,2.6036,84.02,80,69,8.16,broken clouds
671,Ugoofaaru,MV,5.6667,73.0,81.7,79,98,17.67,overcast clouds
672,Gao,ML,16.6362,1.637,75.06,23,2,9.4,clear sky
673,San Bernardo,CL,-33.6,-70.7167,72.75,33,0,3.06,clear sky
674,Cullman,US,34.1748,-86.8436,65.26,76,1,5.99,clear sky
675,Kupang,ID,-10.1667,123.5833,84.78,79,20,3.44,few clouds
676,Salinas,US,36.6777,-121.6555,65.57,84,90,10.36,overcast clouds
677,Riyadh,SA,24.6877,46.7219,66.34,38,85,9.04,overcast clouds
678,Aginskoye,RU,51.1,114.53,25.16,92,100,3.29,light snow
679,Pimenta Bueno,BR,-11.6725,-61.1936,73.33,97,100,1.57,overcast clouds
680,George,ZA,-33.963,22.4617,58.55,94,90,2.3,overcast clouds
681,Kultayevo,RU,57.8943,55.9392,26.58,86,75,11.18,light snow
682,Buraydah,SA,26.326,43.975,59.45,39,100,9.8,overcast clouds
683,Hamilton,US,39.1834,-84.5333,54.05,77,1,0.0,clear sky
684,Agadez,NE,19.75,10.25,71.19,23,44,2.66,scattered clouds
685,Platanos,GR,37.6667,21.6167,59.09,73,34,6.22,scattered clouds
686,Thunder Bay,CA,48.4001,-89.3168,38.28,89,90,20.71,light snow
687,Tiznit,MA,29.5833,-9.5,51.89,89,49,1.25,scattered clouds
688,Chipinge,ZW,-20.1883,32.6236,66.13,57,0,3.94,clear sky
689,Villanueva De Cordoba,ES,38.3228,-4.6287,31.73,68,0,5.26,clear sky
690,Savonlinna,FI,61.8699,28.88,39.25,100,90,6.91,light rain
691,Tucuman,AR,-26.8241,-65.2226,60.8,77,90,3.44,overcast clouds
692,Kibala,TD,9.1104,18.3463,76.95,88,0,0.0,clear sky
693,Wadena,US,46.4425,-95.1361,37.65,93,90,0.0,overcast clouds
694,Halle,DE,51.5,12.0,43.93,90,90,5.75,overcast clouds
695,Tefe,BR,-3.3542,-64.7114,75.22,97,100,1.52,overcast clouds
696,Noumea,NC,-22.2763,166.4572,91.38,99,0,18.61,clear sky
697,Kapoeta,SS,4.7717,33.5903,80.83,48,39,7.0,scattered clouds
698,Rorvik,NO,64.8621,11.2373,45.34,80,100,14.32,light rain
699,Constantine,DZ,36.365,6.6147,51.21,93,75,5.75,broken clouds
700,Pierre,US,44.3683,-100.351,50.92,33,90,1.99,overcast clouds
701,Peniche,PT,39.3558,-9.3811,56.62,72,75,11.63,broken clouds
702,Maniitsoq,GL,65.4167,-52.9,15.87,65,3,8.7,clear sky
703,Cassia,BR,-20.5831,-46.9219,70.02,71,100,2.21,overcast clouds
704,Doha,QA,25.2867,51.5333,73.38,76,0,3.44,clear sky
705,Anjozorobe,MG,-18.4,47.8667,62.92,79,34,1.21,scattered clouds
706,Luancheng,CN,37.8792,114.6517,33.96,70,99,0.36,overcast clouds
707,Beloha,MG,-25.1667,45.05,69.26,91,25,4.7,scattered clouds
708,Ulaangom,MN,49.9811,92.0667,20.07,75,100,3.96,overcast clouds
709,Cozumel,MX,20.5083,-86.9458,80.67,84,90,7.0,overcast clouds
